{
    "results": [
        {
            "link": "https://www.letras.mus.br/amor-e-missao/mae-do-emanuel/",
            "name": "Mãe do Emanuel - Amor e Missão"
        },
        {
            "link": "https://www.letras.mus.br/heber-campos/mae-do-emanuel/",
            "name": "Mãe do Emanuel - Heber Campos"
        },
        {
            "link": "https://www.letras.mus.br/emanuel-stenio/eis-ai-a-tua-mae/",
            "name": "Eis Aí a Tua Mãe - Emanuel Stênio"
        },
        {
            "link": "https://www.letras.mus.br/emanuel-moura/voltar-pra-tua-mae-pai-responde-ao-filho/",
            "name": "Voltar pra tua mãe? (Pai responde ao filho...)"
        },
        {
            "link": "https://www.letras.mus.br/emanuel-moura/mae-solteira/",
            "name": "Mãe Solteira - Emanuel Moura"
        },
        {
            "link": "https://www.letras.mus.br/anjos-de-resgate-musicas/105603/",
            "name": "Maria e o Anjo - Anjos de Resgate"
        },
        {
            "link": "https://www.letras.mus.br/flavinho-ferreira/eis-ai-tua-mae/",
            "name": "Eis Aí Tua Mãe - Flavinho Ferreira"
        },
        {
            "link": "https://www.letras.mus.br/banda-emanuel-ce/aconchego-de-mae/",
            "name": "Aconchego de Mãe - Banda Emanuel - CE"
        }
    ]
}